,Longitude,Latitude,Loc_Name,Area,Country_ID,Rainfall,Temperature,Soil_Type,Predictions
4054,36.225,2.606388889,"Kangirisae, Kangiris",0.12,KE,86.04999999999997,10.49,Loam,0.0
3955,35.19111111,2.736666667,Turkana,2.0,KE,400.50999999999993,37.63000000000001,Peat,0.0
4095,36.93388889,3.174722222,Marsabit County - El,4.0,KE,9.719999999999999,31.24,Clay,0.0
4160,37.63583333,2.915833333,Marsabit County,2.7,KE,71.97000000000001,17.95,Laterite,0.0
3973,35.57277778,2.601388889,Lochwaa location,1.0,KE,236.42000000000007,30.290000000000003,Loam,0.0
1983,36.92,2.096388889,Samburu,2.0,KE,359.0600000000002,40.13999999999999,Peat,0.0
4294,35.7825,2.206388889,ngamia one-turkana e,1000.0,KE,240.92999999999998,10.1,Clay,0.0
3447,35.80972222,2.280555556,"Namudat, kochodin Wa",5000.0,KE,15.599999999999998,37.78000000000001,Peat,0.0
3240,36.23388889,2.566388889,"Kangirisae, loupwala",0.12,KE,29.730000000000004,28.009999999999998,Loam,1.0
4928,36.03833333,3.000555556,Turkana County,3.0,KE,252.92999999999992,25.420000000000005,Clay,0.0
4889,35.64194444,2.365555556,lokitoliwo,120.0,KE,107.87000000000003,36.96,Loam,1.0
2145,35.03916667,2.841944444,Turkana County loima,10.0,KE,143.42,20.259999999999998,Sandy,0.0
4543,37.17611111,2.528888889,marsabit county _Fal,2.0,KE,377.76999999999987,27.77,Clay,0.0
4776,35.06888889,2.697222222,nakurio,3.0,KE,151.81000000000003,11.21,Alluvial,0.0
3822,36.82472222,3.148611111,barambate marsabit c,4.0,KE,91.42999999999998,32.2,Laterite,1.0
3040,36.83805556,3.063055556,konon gas,0.89999998,KE,273.2900000000001,16.89,Unknown,0.0
5014,35.24861111,2.625277778,"Loima,Lobei/Kotaruk,",2.0,KE,73.69000000000001,13.95,Alluvial,0.0
3392,36.86027778,3.083611111,chachane,6.0,KE,338.03,31.119999999999997,Clay,0.0
2011,35.97916667,3.059444444,"Turkana Central,  Ar",1.0,KE,182.43,12.43,Peat,0.0
2764,36.83416667,3.072222222,Gas,0.5,KE,187.88000000000002,15.470000000000004,Clay,0.0
3365,35.76472222,2.260833333,"Turkana county,turka",50.0,KE,73.05999999999999,21.180000000000003,Clay,0.0
2846,35.69444444,3.062222222,"Turkana Central,  Na",2.0,KE,202.06000000000003,37.089999999999996,Clay,0.0
4686,35.60388889,3.109444444,Turkana County,5.0,KE,297.62,41.56,Peat,0.0
3316,37.28138889,2.5175,Marsabit County-fall,5.0,KE,208.82999999999993,12.69,Laterite,0.0
3870,36.82138889,3.053611111,gas,9.0,KE,106.72999999999996,33.660000000000004,Loam,1.0
2804,37.01277778,3.270277778,Marsabit County - La,5.0,KE,299.37999999999994,16.37,Clay,0.0
2413,35.09138889,2.826111111,turkana county loima,120.0,KE,87.59000000000003,41.38000000000001,Sandy,1.0
3425,35.70111111,2.340555556,kapese location,70.0,KE,282.0600000000001,33.48,Clay,0.0
4301,36.89555556,3.114722222,Marsabit County-Kono,10.0,KE,94.34999999999995,35.9,Laterite,1.0
4083,37.06833333,3.321388889,Marsabit County,2.0,KE,233.16000000000005,12.729999999999999,Loam,0.0
2927,35.71111111,2.293888889,lowoisakuny,150.0,KE,49.35,20.069999999999997,Loam,0.0
2857,35.12027778,2.7325,"Turkana County,Lobei",200.0,KE,82.62000000000003,21.180000000000003,Loam,0.0
3657,35.76444444,2.261111111,"Napemin, kochodin Wa",50.0,KE,242.20999999999992,31.640000000000004,Alluvial,0.0
4043,35.23388889,3.339722222,"Loima,Turkwel,Lomil",15.0,KE,365.5199999999998,30.969999999999995,Clay,0.0
3738,36.11472222,2.01,kidewa highway,6.0,KE,247.40999999999997,12.879999999999999,Peat,0.0
4151,35.15222222,2.864722222,nakinyanga,2.0,KE,388.4000000000001,9.31,Peat,0.0
4413,37.42805556,3.129166667,Marsabit county kala,3.0,KE,209.4900000000001,34.20000000000001,Laterite,0.0
3015,35.59805556,3.12,"TURKANA COUNTY, Turk",200.0,KE,58.05000000000001,40.8,Loam,1.0
4816,35.72138889,2.240833333,kanaiki,500.0,KE,217.67000000000004,10.979999999999999,Laterite,0.0
3647,35.74166667,2.237777778,"Turkana county, turk",50.0,KE,153.82000000000005,38.709999999999994,Alluvial,0.0
3138,35.675,3.225277778,"Turkana Central, Tow",5.0,KE,87.83999999999997,12.47,Alluvial,0.0
3406,35.74555556,2.278611111,500,5.0,KE,114.94000000000003,32.89999999999999,Loam,1.0
4608,35.07444444,2.804722222,"Turkana county,Locho",0.2,KE,165.16999999999996,8.289999999999997,Clay,0.0
4905,35.79916667,2.190277778,lopuroto,15.0,KE,19.250000000000004,13.660000000000002,Laterite,0.0
3778,35.77027778,2.275,"Turkana County,turka",5.0,KE,280.2099999999999,38.12,Alluvial,0.0
3275,36.8,2.516944444,Marsabit county-Sari,1.0,KE,239.79999999999993,28.859999999999996,Clay,0.0
4141,35.81777778,2.188333333,Turkana south,0.5,KE,104.13999999999997,14.25,Laterite,0.0
2406,37.01583333,3.274166667,Marsabit County- El,200.0,KE,159.36999999999995,24.549999999999997,Laterite,0.0
4267,37.52833333,1.571388889,marsabit county lere,1.0,KE,117.21,34.09,Laterite,1.0
2002,35.62083333,3.028055556,"TURKANA COUNTY, Turk",400.0,KE,277.85999999999996,13.639999999999999,Loam,0.0
3649,35.32027778,2.72,Turkana County,1.0,KE,57.30999999999998,10.429999999999998,Laterite,0.0
3265,36.83805556,3.063055556,konon gas,0.89999998,KE,216.62,16.240000000000002,Peat,0.0
3043,35.48305556,3.134444444,Turkana County,25.0,KE,311.1400000000001,10.389999999999999,Loam,0.0
1886,37.53333333,0.4,Kipsing Gap 1,10.0,KE,317.8300000000001,18.78,Loam,0.0
2031,37.58416667,2.523333333,kargi,50.0,KE,151.43999999999997,19.089999999999996,Unknown,0.0
3017,37.63694444,2.993611111,Marsabit County-Bule,8.0,KE,254.49999999999991,23.239999999999995,Peat,0.0
2834,37.04527778,3.344722222,thith qorati.,300.0,KE,332.84,41.989999999999995,Sandy,0.0
4575,35.17333333,3.521111111,turkana county kobu,40.0,KE,104.88,22.779999999999998,Clay,0.0
3868,37.34,3.608888889,"dosa afurtole,Balesa",1.0,KE,168.06000000000006,38.89000000000001,Peat,0.0
4926,36.03777778,3.000833333,Turkana County.  Ker,3.0,KE,244.19999999999993,21.78,Laterite,0.0
4252,37.04166667,3.269444444,Marsabit County Nort,3.0,KE,203.35000000000008,25.700000000000003,Loam,0.0
3710,35.7975,2.205277778,"Nakukulas, kochodin",150.0,KE,34.75,31.77,Loam,1.0
2186,35.19638889,2.831388889,lobei-lotagor area,25.0,KE,25.239999999999995,38.26,Sandy,0.0
4680,37.35833333,3.208611111,marsabit county,2.0,KE,137.15000000000003,41.72,Loam,0.0
3694,35.75277778,2.234444444,"lotiman, kochodin Wa",200.0,KE,127.83000000000003,36.34,Unknown,0.0
4254,36.82888889,3.148333333,Barambate center,2.0,KE,372.5900000000001,28.439999999999998,Sandy,0.0
3466,35.365,1.927777778,Nakapeet arengan and,3.5999999,KE,147.16000000000005,9.11,Sandy,0.0
4917,37.415,3.104722222,Marsabit County kala,1.5,KE,206.24999999999991,7.400000000000001,Alluvial,0.0
4404,35.70722222,2.299444444,Nakuja engomo,1000.0,KE,254.99000000000007,16.04,Peat,0.0
4224,37.36138889,3.199166667,marsabit county-Rage,3.0,KE,194.98000000000005,13.369999999999996,Sandy,0.0
4265,37.56722222,1.563055556,marsabit county loro,2.0,KE,37.190000000000005,23.869999999999997,Alluvial,0.0
4768,35.73472222,2.253611111,kaloucholem,2.0,KE,356.5899999999999,35.050000000000004,Sandy,0.0
4617,36.84527778,3.074722222,elborumagado,10.0,KE,199.18000000000006,26.639999999999997,Laterite,0.0
3494,35.80527778,2.191944444,"ekamuto, kochodin Wa",50.0,KE,47.21999999999999,10.060000000000002,Laterite,0.0
4604,35.65305556,3.163055556,Turkana kakwanyang,0.5,KE,141.13999999999993,24.35,Peat,0.0
2394,35.34305556,2.901388889,"Loima,Turkwel,LoLupe",50.0,KE,9.31,37.190000000000005,Unknown,0.0
4001,35.21722222,2.632222222,Kalimngole,2.5,KE,371.89000000000016,26.940000000000005,Unknown,0.0
4807,36.94444444,3.18,Marsabit County -El,5.0,KE,261.0200000000001,11.009999999999998,Peat,0.0
3918,35.24833333,2.896666667,Turkana,5.0,KE,16.27,26.920000000000005,Peat,0.0
3317,37.08222222,2.532222222,Marsabit County-2km,5.0,KE,127.93999999999996,7.440000000000001,Laterite,0.0
3857,36.83277778,3.054444444,Gas,4.0,KE,306.92,13.939999999999998,Clay,0.0
4035,37.03333333,3.278611111,Marsabit County Nort,3.0,KE,319.51,35.3,Sandy,0.0
4005,39.70944444,2.296944444,Wajir County,200.0,KE,292.73000000000013,8.570000000000002,Alluvial,0.0
3914,35.61666667,3.108888889,Turkana County.nawoi,2.0,KE,385.34999999999985,41.739999999999995,Unknown,0.0
2080,35.30916667,2.906388889,Turkana County-Naduk,1.0,KE,176.74000000000007,41.93,Peat,0.0
2379,35.64083333,2.336388889,"lokichar girls , lok",200.0,KE,44.330000000000005,33.589999999999996,Clay,0.0
3095,36.92361111,3.191944444,elborumagado,14.0,KE,57.61999999999998,33.99,Alluvial,1.0
3313,37.49527778,2.486388889,Marsabit County-Karg,3.0,KE,230.00000000000006,9.439999999999998,Laterite,0.0
3208,37.07944444,2.594722222,Marsabit county-ngel,3.0,KE,76.77999999999997,16.119999999999997,Loam,0.0
4706,35.5875,3.100277778,Imani redio road,1.0,KE,244.6799999999999,16.55,Alluvial,0.0
2833,36.71666667,2.736111111,"Santur, Loiyangalani",6.0,KE,122.99999999999994,39.669999999999995,Sandy,1.0
4439,37.06583333,3.319444444,Marsabit County-El I,1.0,KE,325.2800000000001,13.95,Unknown,0.0
4744,35.31138889,2.899166667,Turkana County Karem,0.050000001,KE,129.7,31.19,Loam,0.0
3084,37.28138889,2.5175,Marsabit County-fall,5.0,KE,177.77999999999997,26.8,Peat,0.0
3760,36.03111111,1.951388889,ngakul angadukae tur,6.0,KE,238.67000000000002,27.849999999999998,Sandy,0.0
4266,37.56888889,1.562777778,marsabit county loro,2.0,KE,302.29,13.9,Peat,0.0
4290,37.42722222,3.13,Chille village kalac,1.0,KE,263.2300000000001,15.479999999999999,Unknown,0.0
5032,35.305,2.669166667,"Loima,Turkwel,Nawomo",1.0,KE,94.31000000000002,14.760000000000002,Loam,0.0
4677,37.29888889,2.984444444,Marsabit County_Ollo,2.5,KE,85.20000000000003,27.46,Peat,1.0
2860,35.65666667,2.320277778,"Kaarepon,Turkana Sou",150.0,KE,9.92,22.28,Unknown,0.0
3169,35.61777778,3.078611111,Canaan Kanamkemer Lo,10.0,KE,113.79999999999998,19.51,Unknown,0.0
3844,37.33972222,3.608888889,Balesa location nort,50.0,KE,285.99999999999994,28.83,Unknown,0.0
3771,35.73472222,2.235833333,"nakipomea, kochodin",150.0,KE,244.8200000000001,9.260000000000002,Sandy,0.0
4598,37.42666667,3.129722222,kalacha at slaughter,0.2,KE,13.099999999999998,11.469999999999999,Sandy,0.0
2057,36.80361111,2.513055556,marsabit county-Sari,1.0,KE,269.13,14.130000000000004,Clay,0.0
3917,35.59888889,3.099722222,Bethel Christian Chu,3.0,KE,63.149999999999984,38.21999999999999,Loam,1.0
4025,35.27861111,2.896666667,"Loima,Turkwel,Lorugu",100.0,KE,121.26000000000002,36.72,Laterite,1.0
2836,37.08138889,2.531666667,olturot road,1.0,KE,352.77,22.790000000000003,Loam,0.0
3674,36.08666667,1.990555556,kidewa,100.0,KE,374.65,11.910000000000002,Loam,0.0
3705,35.74527778,2.278333333,"kauluchelem, kochodi",5.0,KE,22.299999999999997,34.160000000000004,Unknown,0.0
2922,35.72472222,2.273888889,lokitoliwo village,400.0,KE,99.95000000000002,18.19,Peat,0.0
3076,35.39666667,3.150277778,"Loima,Turkwel,Kaituk",20.0,KE,106.26999999999997,19.540000000000003,Sandy,0.0
4192,37.99805556,2.351111111,Marsabit County,1000.0,KE,161.59000000000006,32.09,Laterite,0.0
3366,35.64722222,3.120277778,"Turkana county,Ngita",25.0,KE,357.85000000000014,41.52,Sandy,0.0
4550,37.30333333,3.0025,Marsabit,2.0,KE,309.96000000000004,22.29,Laterite,0.0
4625,36.92361111,3.191944444,elborumagado,14.0,KE,215.51000000000008,30.08,Peat,0.0
2146,36.14138889,2.110277778,katilia,300.0,KE,101.16,31.0,Alluvial,1.0
3319,35.39861111,3.151666667,"Loima,Turkwel,Kaituk",50.0,KE,79.36999999999999,31.980000000000004,Laterite,1.0
3852,36.85611111,3.060555556,Gas,7.0,KE,133.19000000000003,38.56,Clay,0.0
2893,36.98472222,3.268611111,Marsabit County- Lag,200.0,KE,236.07999999999993,33.55,Clay,0.0
3804,37.3075,3.269444444,Marsabit County- Dib,100.0,KE,140.35,13.689999999999998,Loam,0.0
4103,35.72972222,2.266388889,kaloucholem,5.0,KE,171.60999999999996,38.88,Sandy,0.0
3525,36.22777778,2.6125,"Ewoi-angikorio, Kang",10.0,KE,260.5899999999999,34.669999999999995,Unknown,0.0
2943,35.65611111,2.498888889,"Kasuroi,Turkana Sout",50.0,KE,114.91000000000004,21.540000000000003,Unknown,0.0
3098,37.63305556,3.004722222,"Bule Qeramsa, Maimon",6.0,KE,222.5900000000001,29.45,Unknown,0.0
3689,36.11472222,2.01,Nakatongwa,9.8000002,KE,109.28,32.01,Peat,1.0
3311,35.39083333,3.153055556,"Loima,Turkwel,Kaituk",50.0,KE,119.91000000000004,11.199999999999998,Sandy,0.0
1623,36.82888889,2.489444444,Serima,5.0,KE,388.79999999999995,28.919999999999995,Unknown,0.0
4183,35.44888889,3.030277778,near nakamane,100.0,KE,128.63000000000002,20.49,Unknown,0.0
4369,37.06722222,3.320555556,Goricha,0.2,KE,33.20000000000001,38.93,Loam,1.0
3626,35.70111111,2.308888889,rimerime,1.0,KE,157.96999999999997,17.0,Peat,0.0
3398,36.03027778,1.951666667,katilia,5.9000001,KE,366.5200000000001,9.42,Loam,0.0
3271,36.72277778,2.740555556,"Marsabit County ,Loi",30.0,KE,227.59999999999997,20.350000000000005,Loam,0.0
5030,35.25055556,2.869166667,Turkana County konyi,20.0,KE,369.38999999999993,30.38,Loam,0.0
2005,37.06972222,3.331388889,work,1.0,KE,301.93000000000006,22.149999999999995,Sandy,0.0
3632,35.72194444,2.279444444,"lokitoliwo, kochodin",50.0,KE,123.18000000000002,20.469999999999995,Loam,0.0
2018,35.68138889,2.396666667,kapese,1000.0,KE,203.15000000000003,16.66,Peat,0.0
3992,36.86305556,2.391388889,"Marsabit,Nagero",400.0,KE,218.3000000000001,41.35999999999999,Loam,0.0
2366,35.67416667,2.352777778,"kamarese , lokichar",500.0,KE,304.56999999999994,34.940000000000005,Peat,0.0
2004,37.06833333,3.325555556,korka,3.0,KE,299.02999999999986,6.06,Clay,0.0
3469,35.74722222,2.271944444,"kauluchelem, kochodi",350.0,KE,138.18999999999997,7.04,Peat,0.0
4880,35.71111111,2.266388889,ngataparin,30.0,KE,156.82000000000005,37.480000000000004,Loam,0.0
4796,36.93694444,3.186944444,Marsabit County -El,1.0,KE,270.38000000000005,29.029999999999998,Unknown,0.0
2829,37.1,2.594166667,marsabit county kulu,2.0,KE,200.60000000000005,23.359999999999996,Laterite,0.0
4542,37.17305556,2.529166667,marsabit county-Fala,2.0,KE,22.110000000000003,40.49999999999999,Sandy,0.0
4483,37.27055556,2.519444444,"MARSABIT COUNTY, Hed",1.0,KE,260.70000000000005,22.560000000000002,Peat,0.0
4841,36.94333333,3.182777778,Marsabit County -El,8.0,KE,314.54000000000013,6.33,Peat,0.0
4213,37.06944444,3.326111111,korka,4.0,KE,396.1200000000002,27.35,Loam,0.0
4806,36.94361111,3.18,Marsabit County -El,7.0,KE,294.04,14.460000000000003,Laterite,0.0
2728,35.94305556,3.049444444,Turkana Central Keri,2.0,KE,69.69000000000001,29.190000000000005,Sandy,1.0
4918,35.63861111,3.091666667,Turkana County,1.0,KE,121.74,28.16,Alluvial,1.0
3541,36.22361111,2.613611111,"Kangirisae, ewoi-ang",100.0,KE,103.35000000000001,24.460000000000004,Clay,0.0
4527,36.89638889,2.246111111,Soit Elmotonyi lonjo,80.0,KE,216.03999999999994,15.319999999999999,Sandy,0.0
2177,36.255,2.614444444,"Kangirisae, Kangiris",0.012,KE,398.9100000000002,30.039999999999996,Alluvial,0.0
3298,36.23388889,2.566388889,"Kangirisae, loupwala",0.12,KE,326.12999999999994,9.320000000000002,Alluvial,0.0
3856,37.29416667,2.933333333,Marsabit County -Oll,2.0,KE,132.3,39.02000000000001,Sandy,0.0
4455,37.06833333,3.321388889,elborumagado,12.0,KE,389.52000000000004,23.17,Alluvial,0.0
3378,35.50305556,3.075,"Loima,Turkwel,Nadapa",0.5,KE,96.94999999999999,35.370000000000005,Laterite,1.0
4122,36.94305556,3.1825,Marsabit County -El,4.0,KE,192.60999999999999,9.339999999999998,Laterite,0.0
3126,37.06916667,3.321944444,korka,1.0,KE,213.08,32.81999999999999,Alluvial,0.0
3692,35.73416667,2.241388889,"Turkana county,turka",150.0,KE,105.43999999999998,36.900000000000006,Laterite,1.0
2191,35.29583333,2.898611111,"Loima,Turkwel,Lorugu",0.16,KE,269.72,13.409999999999997,Loam,0.0
3085,37.08222222,2.532222222,Marsabit County-2km,5.0,KE,254.82000000000005,39.18,Unknown,0.0
4508,36.8275,2.466111111,Marsabit county-Sari,1.0,KE,119.18999999999997,32.980000000000004,Sandy,1.0
4477,37.56916667,1.561666667,marsabit county loro,2.0,KE,194.4300000000001,7.849999999999998,Loam,0.0
4255,35.595,3.100555556,Turkana County,100.0,KE,205.13999999999993,13.689999999999998,Alluvial,0.0
2937,37.50194444,2.414166667,UNESCO land,1000.0,KE,392.7400000000001,40.25,Clay,0.0
3308,35.39666667,3.150277778,"Loima,Turkwel,Kaituk",20.0,KE,75.35,21.04,Peat,0.0
3655,36.09416667,3.086388889,"Nadoto, Kerio ward T",20.0,KE,267.3699999999999,29.070000000000004,Unknown,0.0
3077,35.39083333,3.148888889,"Loima,Turkwel,Kaituk",50.0,KE,361.46999999999997,29.260000000000005,Alluvial,0.0
3825,36.02861111,1.953055556,Nakatongwa,3.0,KE,275.9700000000001,27.410000000000004,Clay,0.0
4954,37.42777778,3.126111111,manyatta lala salama,0.5,KE,13.430000000000001,37.53999999999999,Peat,0.0
3360,35.72944444,2.265555556,"Turkana county, turk",50.0,KE,10.210000000000003,10.56,Clay,0.0
3305,36.92805556,3.186666667,Marsabit County,0.5,KE,154.78000000000006,9.45,Unknown,0.0
3768,35.75222222,2.265,"kauluchelem, kochodi",450.0,KE,31.949999999999996,11.600000000000001,Loam,0.0
3972,36.91138889,2.170277778,Ntaletiani loonjorin,250.0,KE,77.65999999999997,38.15,Sandy,1.0
4087,35.58527778,3.0875,Turkana County - Lod,25.0,KE,32.28,22.929999999999996,Unknown,0.0
4351,35.73138889,2.236388889,ikwapalopeot,1.0,KE,115.41000000000004,36.53,Clay,0.0
4635,36.72333333,2.7425,"Marsabit County, Loi",30.0,KE,167.30000000000004,6.250000000000001,Loam,0.0
3433,35.76527778,2.273055556,"kauluchelem, kochodi",5000.0,KE,258.26999999999987,13.19,Alluvial,0.0
4692,35.79944444,2.19,lokosimekori -turkan,15.0,KE,66.10999999999997,22.859999999999996,Sandy,0.0
2850,35.73888889,3.08,Turkana Central keri,50.0,KE,353.09999999999997,31.49,Peat,0.0
4973,37.48138889,2.369722222,marsabit county karg,5.0,KE,11.879999999999999,37.07,Unknown,0.0
3227,35.61777778,3.078611111,Canaan Kanamkemer Lo,10.0,KE,377.90999999999985,36.53,Loam,0.0
4154,36.94472222,3.179722222,Marsabit County -El,9.0,KE,376.07000000000005,34.739999999999995,Clay,0.0
4567,37.08222222,2.532222222,Marsabit County-2km,5.0,KE,67.24000000000001,24.340000000000003,Peat,0.0
4422,37.00194444,3.256944444,Marsabit County-EL.i,6.0,KE,243.72000000000008,7.09,Clay,0.0
2714,35.64666667,2.312222222,lokichar location.,100.0,KE,29.359999999999992,36.88999999999999,Unknown,1.0
4553,36.92833333,3.186388889,Marsabit County,10.0,KE,194.72000000000008,6.65,Sandy,0.0
3939,36.95138889,3.172222222,Marsabit County - El,11.0,KE,121.32000000000002,19.889999999999997,Unknown,0.0
3770,35.73527778,2.236666667,"nakipomea, kochodin",10.0,KE,348.6999999999999,21.809999999999995,Unknown,0.0
5044,35.65472222,3.1075,Kanamkemer ward-Lolu,10.0,KE,373.09,11.569999999999999,Loam,0.0
4091,37.005,3.2625,"El Isaco Malla, Mars",0.1,KE,110.35999999999996,25.310000000000002,Alluvial,0.0
3921,36.84027778,3.053333333,wachu road,3.0,KE,84.90999999999998,27.22,Loam,1.0
3617,35.07444444,2.716944444,Turkana,20.0,KE,373.8699999999999,22.499999999999996,Loam,0.0
3849,35.23222222,2.853888889,turkana county loima,320.0,KE,143.74000000000007,21.319999999999997,Loam,0.0
3379,35.66,3.108888889,KVDA Farms( opp).Nap,38.0,KE,352.8299999999999,16.59,Clay,0.0
3203,35.39861111,3.151666667,"Loima,Turkwel,Kaituk",50.0,KE,394.46,13.209999999999999,Sandy,0.0
4167,35.72916667,2.268055556,Lokichar,1.0,KE,107.50999999999999,29.980000000000004,Loam,1.0
4447,36.82777778,3.144722222,"Barambate, marsabit",5.1999998,KE,319.43000000000006,8.870000000000001,Laterite,0.0
4942,35.48055556,3.312777778,Nasiger Lodwar kakum,30.0,KE,122.58,38.35,Loam,1.0
4100,36.92638889,3.185555556,elborumagado,25.0,KE,245.81999999999996,39.830000000000005,Alluvial,0.0
4174,35.63583333,2.245,Turkana,3.0,KE,128.54000000000002,27.950000000000003,Peat,0.0
3848,36.82916667,3.148055556,Barambate,50.0,KE,187.59999999999997,27.479999999999997,Clay,0.0
1588,38.045,-0.154444444,Balambala 3,60.0,KE,225.44000000000008,10.389999999999999,Sandy,0.0
4909,36.82416667,3.147222222,barambate village,0.5,KE,67.95000000000002,29.32,Loam,1.0
4452,37.30638889,3.006666667,"Ollom, Marsabit",3.0,KE,360.2700000000001,25.86,Sandy,0.0
3846,36.8225,3.050277778,gags,0.30000001,KE,273.4299999999999,15.489999999999998,Clay,0.0
4291,37.06694444,3.320277778,Goricha,0.5,KE,207.29000000000002,16.22,Loam,0.0
4424,36.69166667,2.654444444,marsabit county  lak,2.0,KE,114.50000000000003,10.770000000000001,Alluvial,0.0
3986,35.205,2.886111111,Turkana,20.0,KE,161.76000000000002,14.320000000000002,Loam,0.0
4383,36.82861111,2.508888889,Marsabit county-Sari,0.5,KE,99.05,38.510000000000005,Laterite,1.0
3333,36.8,2.516944444,Marsabit county-Sari,1.0,KE,82.51,23.18,Loam,0.0
4324,36.93416667,3.174166667,Marsabit County - El,2.0,KE,96.10999999999997,23.110000000000003,Laterite,0.0
2073,37.02333333,3.258333333,"Lag Balesqurra, El I",3.0,KE,206.97000000000006,15.3,Sandy,0.0
3204,36.84527778,3.074722222,elborumagado,10.0,KE,207.4,27.88,Loam,0.0
3585,36.85027778,3.3025,"Marsabit, El Mudha",0.01,KE,251.95000000000005,34.92999999999999,Clay,0.0
3679,37.29916667,3.656944444,Balesa,1.0,KE,46.379999999999995,33.26,Peat,1.0
2925,35.72333333,2.275277778,"lokitoliwo , kochodi",5000.0,KE,122.22999999999999,25.880000000000003,Loam,0.0
3458,35.81388889,2.373055556,lokichar ward toward,0.050000001,KE,71.49999999999997,11.050000000000002,Clay,0.0
4966,35.68444444,2.342222222,kapese location,200.0,KE,68.21,36.92999999999999,Loam,1.0
3423,36.21222222,2.622222222,"Kangirisae, Kangiris",8.0,KE,117.15000000000002,32.08,Peat,1.0
3792,35.72055556,2.289444444,"lowoisakuny, kochodi",50.0,KE,42.74000000000001,27.070000000000004,Clay,0.0
4340,37.27083333,2.918055556,Marsabit County_Ollo,2.5,KE,36.7,17.160000000000004,Laterite,0.0
3731,35.74472222,2.239166667,"Turkana county,turka",50.0,KE,66.88,6.81,Sandy,0.0
4949,37.44138889,3.140277778,Marsabit County Taka,0.5,KE,160.09999999999994,14.979999999999999,Sandy,0.0
3661,35.79444444,2.163611111,"Turkana county,turka",200.0,KE,315.97000000000014,40.309999999999995,Loam,0.0
3127,35.99527778,3.074166667,Turkana5,5.0,KE,155.59000000000006,23.659999999999997,Laterite,0.0
3706,35.74555556,2.278333333,"kauluchelem, kochodi",500.0,KE,272.49000000000007,19.360000000000003,Peat,0.0
3022,36.92805556,3.185833333,elborumagado,0.80000001,KE,156.51000000000005,38.91,Laterite,0.0
3711,35.74805556,2.241666667,"Nakipomea, kochodin",3.0,KE,117.72999999999996,26.950000000000003,Loam,1.0
4562,35.675,3.225277778,"Turkana Central, Tow",5.0,KE,40.089999999999996,21.04,Unknown,0.0
3716,36.03027778,1.951666667,Elelea,9.6000004,KE,246.4300000000001,26.669999999999998,Loam,0.0
4094,36.92888889,3.193611111,Marsabit County -El,4.0,KE,10.440000000000001,17.350000000000005,Sandy,0.0
1505,35.29138889,2.366111111,West Pokot,50.0,KE,138.85999999999999,23.69,Clay,0.0
3654,35.48083333,3.071944444,"Loima,Turkwel,Nadapa",0.5,KE,23.32,41.88999999999999,Alluvial,0.0
3192,35.39666667,3.150277778,"Loima,Turkwel,Kaituk",20.0,KE,21.640000000000004,23.709999999999997,Unknown,0.0
5029,35.74,2.238055556,"nakipomea, kochodin",10.0,KE,83.35,39.51,Clay,0.0
5018,35.7775,2.28,napemin :turkana eas,30.0,KE,75.65000000000003,11.11,Laterite,0.0
3682,35.74888889,2.243611111,"Turkana county,turka",30.0,KE,65.47999999999998,14.25,Laterite,0.0
4968,35.97333333,3.028888889,Kangichok Turkana CE,40.0,KE,134.79999999999998,22.990000000000002,Laterite,0.0
1371,37.13333333,0.583333333,Lenguruma,100.0,KE,100.51999999999997,41.169999999999995,Peat,1.0
4331,36.94,3.190555556,Marsabit County -El,5.0,KE,177.5300000000001,20.599999999999998,Peat,0.0
2022,35.20583333,2.823333333,Turkana Countyloima,600.0,KE,48.17999999999999,40.49999999999999,Peat,1.0
4034,37.03416667,3.279444444,Marsabit County Nort,2.0,KE,302.33999999999986,12.94,Alluvial,0.0
4368,37.06583333,3.319444444,MARSABIT COUNTY-EL.i,3.0,KE,202.17999999999992,28.409999999999997,Loam,0.0
3243,35.99527778,3.074166667,Turkana5,5.0,KE,212.97000000000006,16.98,Clay,0.0
4809,36.93888889,3.183888889,Marsabit County -El,1.0,KE,300.7599999999999,37.17000000000001,Sandy,0.0
4228,37.09166667,2.566111111,Marsabit county oltu,2.0,KE,57.72,6.11,Sandy,0.0
4010,39.07027778,3.379444444,Odda Marsabit county,4.0,KE,147.52,23.01,Alluvial,0.0
4039,35.65388889,2.5575,Turkana County,10.0,KE,385.61000000000007,19.86,Clay,0.0
4765,35.69805556,2.378333333,"lkalale village,kala",5.0,KE,188.5,20.590000000000003,Peat,0.0
4418,35.71027778,2.266111111,"ngataparin, Turkana",5000.0,KE,43.099999999999994,28.98,Loam,1.0
3907,35.15416667,2.883055556,Turkana,0.5,KE,134.09999999999994,39.76,Clay,0.0
2810,37.09916667,2.595,marsabit county kulu,2.0,KE,316.59999999999997,10.89,Unknown,0.0
3820,35.70777778,2.299166667,nakujaengomo kochodi,50.0,KE,305.1200000000001,28.630000000000003,Laterite,0.0
4410,36.7175,2.756111111,Marsabit county    l,2.0,KE,181.02999999999994,17.749999999999996,Clay,0.0
2917,36.13833333,2.101666667,kaibole,200.0,KE,151.08,6.17,Clay,0.0
4016,39.07055556,3.379444444,Odda Marsabit county,4.0,KE,104.92999999999996,19.07,Loam,0.0
4577,37.30444444,3.010555556,Marsabit County_Ollo,2.5,KE,200.14999999999995,23.390000000000004,Clay,0.0
3145,35.39861111,3.151666667,"Loima,Turkwel,Kaituk",50.0,KE,263.76,22.42,Loam,0.0
5045,37.43166667,3.132777778,"Kalacha,manyatta Chi",1.5,KE,72.97,16.339999999999996,Laterite,0.0
4431,35.62805556,3.098055556,Turkana County,2.0,KE,170.55000000000004,29.14,Peat,0.0
3478,35.73361111,2.275277778,"Ngilepomaniko, kocho",500.0,KE,318.7499999999999,41.25,Loam,0.0
3131,36.92805556,3.186666667,Marsabit County,0.5,KE,360.76000000000005,22.8,Peat,0.0
2083,37.02055556,3.280277778,Bura -,3.0,KE,127.31000000000003,20.730000000000004,Alluvial,0.0
3666,36.81944444,3.145833333,barambate marsabit,0.30000001,KE,136.90000000000006,8.289999999999997,Clay,0.0
3182,36.23388889,2.566388889,"Kangirisae, loupwala",0.12,KE,66.15,36.099999999999994,Peat,1.0
4609,35.75277778,2.265555556,"Turkana county,Kaime",3.0,KE,190.19000000000003,33.980000000000004,Peat,0.0
4457,37.50277778,2.415277778,"Ririma, Marsabit",1.0,KE,280.9700000000001,21.68,Peat,0.0
5023,36.03027778,1.951666667,accted,8.0,KE,277.56,28.42,Sandy,0.0
3543,36.23194444,2.604166667,"Ewoi-angawor, Kangir",10.0,KE,161.71000000000004,14.180000000000001,Alluvial,0.0
4089,36.80666667,2.538888889,Marsabit county-Sari,0.5,KE,216.00000000000006,41.449999999999996,Unknown,0.0
3685,37.31583333,3.665277778,Balesa,1.0,KE,273.94000000000005,6.55,Peat,0.0
4245,35.26305556,2.880555556,"Loima,Turkwel,Lorugu",150.0,KE,231.83999999999995,37.41,Laterite,0.0
3285,35.61777778,3.078611111,Canaan Kanamkemer Lo,10.0,KE,204.10999999999996,41.160000000000004,Clay,0.0
4253,35.59583333,3.1,Nabulon,20.0,KE,106.88999999999997,40.39,Loam,1.0
4451,37.30916667,3.025277778,"Ollum, Marsabit",1.5,KE,312.5000000000001,6.679999999999999,Peat,0.0
2803,37.01388889,3.270277778,"Burra, North Hort",2.0,KE,26.07,34.629999999999995,Loam,0.0
4015,35.60222222,3.109722222,talent high secondar,8.0,KE,309.79999999999995,13.95,Alluvial,0.0
4293,35.76722222,2.208611111,ngiburin -turkana ea,200.0,KE,220.34000000000006,26.940000000000005,Unknown,0.0
4173,37.06944444,3.32,Marsabit County Nort,3.0,KE,195.86000000000004,14.150000000000004,Laterite,0.0
3628,36.8925,3.167222222,"marsabit County, elb",21.0,KE,368.46000000000004,31.19,Laterite,0.0
3102,36.8,2.516111111,Marsabit county-Sari,1.0,KE,273.0300000000001,14.290000000000001,Peat,0.0
3184,37.06916667,3.321944444,korka,1.0,KE,127.17999999999996,39.29999999999999,Sandy,1.0
3699,36.02944444,1.9525,Nakwayelel,2.0,KE,179.83000000000004,7.890000000000001,Clay,0.0
3571,35.74,2.236666667,"Nakupomea, kochodin",5.0,KE,268.4300000000001,14.47,Loam,0.0
4770,36.92944444,3.184444444,elborumagado,23.0,KE,392.9299999999999,24.96,Loam,0.0
3671,35.05777778,2.849166667,turkana county loima,460.0,KE,51.789999999999985,11.199999999999998,Unknown,0.0
2372,36.13944444,2.111944444,katilia location Ele,700.0,KE,379.6599999999999,25.93,Sandy,0.0
4084,37.10083333,2.581666667,Marsabit county_sere,1.5,KE,60.63999999999999,33.120000000000005,Peat,1.0
4896,35.81138889,2.136111111,ngadepe,5.0,KE,372.63,26.039999999999996,Unknown,0.0
4378,35.76416667,2.222777778,Ngamia  three in Nak,500.0,KE,15.38,38.68,Alluvial,0.0
3990,35.59583333,3.118055556,"Turkana County, Loim",2.3,KE,290.27999999999986,39.13,Peat,0.0
3806,35.73222222,2.269166667,"Turkana county, turk",50.0,KE,320.15999999999997,8.23,Loam,0.0
2847,35.72833333,3.089444444,Turkana Central ..ke,0.75,KE,124.41000000000001,10.24,Sandy,0.0
3207,36.83805556,3.063055556,konon gas,0.89999998,KE,398.2000000000001,15.390000000000002,Clay,0.0
3641,35.7275,2.267222222,"Turkana county,turka",10.0,KE,310.26,41.43000000000001,Sandy,0.0
4445,37.06333333,3.323333333,Dathot laman,600.0,KE,335.5299999999998,20.830000000000002,Loam,0.0
5016,35.48972222,3.078055556,"Loima,Turkwel,Nadapa",0.5,KE,392.2,10.52,Unknown,0.0
4936,35.63,3.102222222,lomil,0.5,KE,46.050000000000004,38.540000000000006,Sandy,1.0
2021,35.2175,2.818888889,Turkana County loima,250.0,KE,382.81999999999994,32.95,Clay,0.0
4868,36.92666667,3.168333333,"Marsabit County, Elb",67.0,KE,260.93999999999994,28.309999999999995,Peat,0.0
2025,37.57527778,2.505555556,kargi,180.0,KE,156.78999999999996,19.059999999999995,Loam,0.0
4676,35.63083333,3.091944444,mission of hope seco,8.0,KE,116.28000000000003,11.230000000000002,Unknown,0.0
3082,37.44277778,2.494444444,Marsabit County,3.0,KE,380.15,20.530000000000005,Laterite,0.0
3951,37.04,3.273888889,marsabit County Nort,2.0,KE,277.2,22.21,Clay,0.0
2721,36.80861111,2.509722222,Marsabit county-Sari,1.0,KE,126.98000000000003,28.43,Loam,1.0
3784,35.77,2.275,"kaimengur, kochodin",5.0,KE,294.7600000000001,11.550000000000002,Clay,0.0
2873,35.85444444,3.060277778,Turkana Central Keri,0.25,KE,21.130000000000003,28.27,Laterite,0.0
4064,35.60777778,3.093888889,kanamkemer,400.0,KE,378.86000000000007,38.35,Laterite,0.0
4603,35.75277778,2.265555556,"Turkana county,Kaime",3.0,KE,258.29,7.719999999999998,Clay,0.0
3867,37.28666667,3.645,"dosa afurtole,Balesa",2.0,KE,346.43000000000006,11.189999999999998,Sandy,0.0
4908,36.82472222,3.147222222,barambate village,1.0,KE,38.71999999999999,10.909999999999998,Clay,0.0
3247,36.92805556,3.186666667,Marsabit County,0.5,KE,200.69999999999993,21.02,Peat,0.0
3928,35.26833333,2.883611111,Mission area Lorugum,2.0,KE,262.91999999999996,41.169999999999995,Laterite,0.0
2348,34.87777778,2.758055556,"Turkana county,Locho",300.0,KE,164.81000000000003,28.71,Alluvial,0.0
4931,36.71333333,2.728055556,Marsabit County,6.0,KE,384.21000000000015,32.28,Sandy,0.0
2763,36.12055556,2.893611111,Turkana Central Keri,1.0,KE,257.13,16.139999999999997,Sandy,0.0
3254,35.675,3.225277778,"Turkana Central, Tow",5.0,KE,204.47999999999996,17.12,Laterite,0.0
3257,37.28194444,2.5175,Marsabit County- Fal,4.0,KE,120.52999999999996,33.42000000000001,Unknown,1.0
2882,35.935,3.050277778,"Turkana Central, Ker",0.125,KE,118.48999999999998,23.819999999999997,Laterite,0.0
4521,35.6075,3.086388889,Turkana County,5.0,KE,364.09999999999997,21.729999999999997,Clay,0.0
4670,36.70444444,2.705,marsabit county-loiy,4.0,KE,222.19000000000008,22.910000000000004,Laterite,0.0
3132,36.92833333,3.186388889,Marsabit County,10.0,KE,324.3399999999999,35.52000000000001,Laterite,0.0
4940,37.42583333,3.130555556,chille village kalac,0.5,KE,369.3000000000002,28.619999999999994,Sandy,0.0
4594,37.25222222,2.905277778,Marsabit  County  _O,5.0,KE,189.35000000000005,29.71999999999999,Peat,0.0
3842,36.83222222,3.0475,guba wachu (gas),4.0,KE,52.260000000000005,32.5,Alluvial,1.0
4873,34.88,2.756111111,"Turkana County,Lokir",5.0,KE,75.33000000000003,50.18000000000001,Sandy,1.0
3032,37.08222222,2.532222222,Marsabit County-2km,5.0,KE,393.42000000000013,22.62,Alluvial,0.0
3455,36.945,3.179722222,Marsabit County -El,9.0,KE,382.55000000000007,21.96,Laterite,0.0
4040,36.945,3.188611111,Marsabit County -El,7.0,KE,235.89999999999995,25.010000000000005,Laterite,0.0
3437,35.72194444,2.275555556,"Turkana county,turka",50.0,KE,353.17,15.410000000000002,Laterite,0.0
3795,35.71944444,2.217222222,"nakipomea, kochodin",1.0,KE,113.60999999999996,41.769999999999996,Laterite,1.0
2767,35.67805556,3.0775,Turkana Central Town,0.25,KE,65.07000000000002,7.9399999999999995,Laterite,0.0
5007,35.70833333,2.270277778,ngataparin,50.0,KE,105.26000000000003,13.489999999999998,Loam,0.0
4588,39.0525,3.316666667,Odda Marsabit county,9.0,KE,31.719999999999995,37.709999999999994,Loam,1.0
3612,36.78861111,3.097222222,"Marsabit, diid quro",27.0,KE,7.719999999999998,10.17,Alluvial,0.0
4406,36.93527778,3.188888889,Marsabit County -El,15.0,KE,357.22,40.44,Loam,0.0
4757,37.00472222,2.455833333,samburu sereminong,40.0,KE,369.42000000000013,25.430000000000003,Sandy,0.0
4180,36.28388889,1.673055556,"KAMUGE LOCATION, KAP",20.0,KE,156.04,38.47,Sandy,0.0
4689,35.31138889,2.831111111,Turkana,0.2,KE,389.9000000000001,22.779999999999998,Laterite,0.0
4327,36.93055556,3.174722222,Marsabit County -El,5.0,KE,60.88,23.06,Laterite,0.0
5010,36.71361111,2.814444444,marsabit county loik,2.0,KE,360.08999999999986,15.270000000000001,Loam,0.0
3238,36.81555556,3.080833333,gura wari,4.0,KE,174.59999999999994,28.299999999999997,Unknown,0.0
4286,36.6975,2.675833333,"Marsabit County, Yom",2.0,KE,151.35999999999996,30.820000000000007,Alluvial,0.0
4482,37.17611111,2.528888889,"MARSABIT COUNTY, FAL",1.0,KE,124.20999999999997,32.93999999999999,Clay,0.0
4102,35.77722222,2.185833333,lopuroto turkana eas,200.0,KE,234.44000000000003,6.53,Alluvial,0.0
4919,36.93305556,3.18,elborumagado,20.0,KE,187.62999999999994,7.499999999999999,Peat,0.0
3622,35.71361111,2.266111111,ngataparin Turkana E,50.0,KE,179.1699999999999,15.640000000000004,Loam,0.0
4049,37.03305556,3.278611111,Marsabit County,2.0,KE,323.68000000000006,35.00999999999999,Alluvial,0.0
3331,36.72333333,2.7425,"Marsabit County, Loi",30.0,KE,186.34999999999994,28.189999999999998,Laterite,0.0
3937,35.23416667,2.799166667,Turkana County Loima,10.0,KE,317.4399999999999,37.42000000000001,Laterite,0.0
3985,36.82861111,2.288888889,samburu  loonjorin l,45.0,KE,289.77999999999986,15.939999999999998,Unknown,0.0
4545,37.48694444,2.393055556,marsabit county _Rir,3.0,KE,317.8899999999999,9.2,Clay,0.0
3206,36.85166667,3.070833333,qete road,2.0,KE,344.5300000000001,11.03,Loam,0.0
4747,37.03666667,3.283333333,Marsabit County Nort,3.0,KE,48.339999999999996,26.450000000000003,Sandy,1.0
3158,36.80222222,2.516666667,Marsabit county-Sari,1.0,KE,196.88000000000005,8.360000000000001,Clay,0.0
2886,35.49055556,2.978888889,"Loima,Turkwel,Kodopa",200.0,KE,37.28,10.160000000000002,Alluvial,0.0
2111,35.66583333,3.161111111,"Turkana Central, Tow",30.0,KE,150.67,21.58,Unknown,0.0
3865,37.4475,3.141944444,Marsabit County; Kam,100.0,KE,74.69999999999999,40.77,Unknown,1.0
4602,37.0825,2.577777778,Marsabit County-itie,2.0,KE,204.7700000000001,41.92,Laterite,0.0
1538,37.83166667,0.001111111,Gachua,5.0,KE,381.82000000000016,33.519999999999996,Laterite,0.0
3260,35.68527778,3.239166667,"Turkana Central, Tow",100.0,KE,137.30999999999997,9.08,Alluvial,0.0
2107,36.22777778,2.579166667,"Kangirisae, Kangiris",0.5,KE,311.8,25.769999999999996,Peat,0.0
3249,36.92805556,3.185833333,elborumagado,0.80000001,KE,381.77,19.34,Clay,0.0
2784,35.7075,3.093611111,"Turkana Central,  Ke",4.4099998,KE,146.18000000000004,12.789999999999997,Loam,0.0
4296,35.71027778,2.265555556,ngataparin turkana s,250.0,KE,78.13,24.91,Clay,0.0
2775,37.42388889,3.1275,Kalacha Hospital,1.0,KE,142.13000000000002,21.450000000000003,Alluvial,0.0
4347,37.48805556,2.3975,Marsabit County-Riri,2.0,KE,60.08999999999999,18.800000000000004,Loam,0.0
3143,37.08222222,2.532222222,Marsabit County-2km,5.0,KE,180.43,31.750000000000007,Sandy,0.0
4113,36.72611111,2.738611111,"marsabit county,loiy",3.0,KE,169.12,35.79,Peat,0.0
3833,35.76277778,2.267222222,"kanaiki, kochodin Wa",100.0,KE,57.7,17.89,Alluvial,0.0
4195,37.56972222,1.563055556,"Lorosoit, Losidan Ma",2.0,KE,289.9899999999999,31.650000000000006,Loam,0.0
4071,36.80583333,2.538333333,marsabit county-Sari,0.5,KE,178.03000000000003,29.94,Alluvial,0.0
4627,36.80194444,2.516111111,Marsabit county-Sari,1.0,KE,16.84,24.010000000000005,Sandy,0.0
2417,36.23638889,2.626944444,"Kangirisae, Kangiris",2.0,KE,184.98000000000002,12.420000000000002,Sandy,0.0
4695,37.35833333,3.208611111,marsabit county,2.0,KE,281.2400000000001,10.959999999999999,Clay,0.0
3998,35.31111111,2.800555556,"Turkana County, Long",1.0,KE,296.3700000000001,36.470000000000006,Laterite,0.0
4481,37.07138889,2.676111111,Marsabit County-Arap,2.0,KE,58.31999999999999,6.9399999999999995,Peat,0.0
3409,36.03027778,1.951666667,Nagoropesur,5.3000002,KE,142.51999999999995,30.279999999999998,Peat,0.0
4077,35.24055556,3.344722222,lomeyan,100.0,KE,26.660000000000004,18.720000000000002,Sandy,0.0
3793,35.72416667,2.291111111,"lowoisakuny , kochod",50.0,KE,370.25000000000006,28.56,Unknown,0.0
4111,37.31722222,3.648888889,Marsabit County,500.0,KE,137.07999999999996,16.899999999999995,Sandy,0.0
3481,35.73194444,2.266388889,"kauluchelem,kochodin",50.0,KE,253.42000000000007,18.16,Unknown,0.0
3905,36.08722222,3.065277778,kengolereng  in keri,40.0,KE,328.67000000000013,20.440000000000005,Alluvial,0.0
4190,36.25222222,1.714722222,"KAMUGE LOCATION,TURK",5.0,KE,80.02,37.78000000000001,Peat,1.0
4229,36.22638889,2.5475,"kalapata, nakalei Su",0.13,KE,250.53999999999994,35.53999999999999,Sandy,0.0
3733,35.73388889,2.275,"Ngilepomaniko, kocho",500.0,KE,285.7500000000001,25.74,Alluvial,0.0
3667,35.74138889,2.248055556,"Turkana county,turka",100.0,KE,36.65,20.149999999999995,Laterite,0.0
1374,37.11666667,0.7,Longopito,100.0,KE,352.1999999999999,18.19,Clay,0.0
4910,35.73972222,2.256666667,kaloucholem,50.0,KE,69.65999999999997,14.209999999999999,Loam,0.0
4959,35.72888889,2.267222222,kauluchelem,5.0,KE,193.34999999999994,30.55,Unknown,0.0
3407,35.69305556,2.333888889,kapese location Ekal,60.0,KE,80.38,37.63999999999999,Unknown,1.0
4971,35.76333333,2.211944444,"Turkana county,turka",10.0,KE,393.6100000000001,28.169999999999998,Clay,0.0
4488,37.17611111,2.528888889,Marsabit County-karg,2.0,KE,295.8700000000001,24.63,Unknown,0.0
2722,36.80694444,2.513333333,Marsabit county-Sari,1.0,KE,122.88000000000001,22.35,Clay,0.0
4217,37.04194444,3.2725,Marsabit County Nort,2.0,KE,389.98,17.67,Peat,0.0
2426,35.805,2.203888889,Nakukulas,5000.0,KE,372.2,36.99000000000001,Alluvial,0.0
3482,35.81472222,2.1875,"Nakukulas, kochodin",200.0,KE,69.42000000000002,10.019999999999998,Peat,0.0
2370,35.245,2.828611111,Lorugum-konyipad are,1000.0,KE,110.75999999999996,15.249999999999998,Unknown,0.0
4325,35.30277778,2.895555556,between lorugum and,100.0,KE,389.92999999999995,35.4,Laterite,0.0
4941,35.5975,3.1,Kanamkemer in Lodwar,50.0,KE,178.96000000000004,16.56,Loam,0.0
2174,35.61916667,3.11,"Turkana County, Turk",500.0,KE,362.87000000000006,18.869999999999997,Unknown,0.0
3610,35.42638889,2.768055556,Turkana County Kono,25.0,KE,68.32000000000001,34.46999999999999,Laterite,1.0
3698,36.0725,1.980833333,anaronanuang,3.0,KE,147.73999999999998,16.009999999999998,Loam,0.0
3412,35.73055556,2.264444444,"Turkana county,turka",10.0,KE,76.59999999999997,39.07999999999999,Clay,0.0
3026,35.39083333,3.153055556,"Loima,Turkwel,Kaituk",50.0,KE,39.33,27.46,Laterite,1.0
3027,35.675,3.225277778,"Turkana Central, Tow",5.0,KE,98.72000000000001,31.949999999999996,Sandy,1.0
3065,35.59805556,3.12,"TURKANA COUNTY, Turk",200.0,KE,90.0,17.41,Peat,0.0
3707,36.03055556,1.952222222,Lokorio,6.3000002,KE,18.16,18.910000000000004,Clay,0.0
2015,36.22527778,2.685555556,"Kangirisae, Sub-loca",1.0,KE,175.79000000000005,14.260000000000002,Loam,0.0
3016,37.79805556,1.593611111,Marsabit county,2.0,KE,262.8000000000001,28.9,Sandy,0.0
2029,37.45833333,2.492222222,kurkum,300.0,KE,141.06999999999994,38.11,Loam,0.0
